{
	"Name":"IBM Case Manager Custom Widget Package",
	"Description":"IBM Case Manager Custom Widget Package",
	"Locale":"",
	"Version":"1.0",
	"Categories":[
		{
			"id":"LynxCustomWidgets",
			"title":"Lynx Custom Widgets"
		}
	],
	"Widgets":[
		{
			"id":"LynxCustomWidget",
			"title":"Lynx Custom Widget",
			"category":"LynxCustomWidgets",
			"description":"Lynx custom widget",
			"definition":"LynxCustomWidget.json",
			"preview":"images/comment_preview.png",
			"icon":"images/comment_icon.png",
			"runtimeClassName":"com.lynx.pgwidget.LynxCustomWidget",
			"help":"",
			"previewThumbnail":"images/comment_thumb.png"
		}
	]
}
